
-- Inserções para LOCAL
INSERT INTO LOCAL (LOCAL_ID, DESCRICAO_LOCAL) VALUES (1, 'Estufa 1');
INSERT INTO LOCAL (LOCAL_ID, DESCRICAO_LOCAL) VALUES (2, 'Lavoura Norte');
INSERT INTO LOCAL (LOCAL_ID, DESCRICAO_LOCAL) VALUES (3, 'Campo Experimental');

-- Inserções para TIPO_SENSOR
INSERT INTO TIPO_SENSOR (TIPO_SENSOR_ID, DESCRICAO_TIPO) VALUES (1, 'Umidade');
INSERT INTO TIPO_SENSOR (TIPO_SENSOR_ID, DESCRICAO_TIPO) VALUES (2, 'pH');
INSERT INTO TIPO_SENSOR (TIPO_SENSOR_ID, DESCRICAO_TIPO) VALUES (3, 'Nutrientes NPK');

-- Inserções para TIPO_APLICACAO
INSERT INTO TIPO_APLICACAO (TIPO_APLICACAO_ID, DESCRICAO_APLICACAO) VALUES (1, 'Água');
INSERT INTO TIPO_APLICACAO (TIPO_APLICACAO_ID, DESCRICAO_APLICACAO) VALUES (2, 'Fertilizante NPK');
INSERT INTO TIPO_APLICACAO (TIPO_APLICACAO_ID, DESCRICAO_APLICACAO) VALUES (3, 'Calcário');

-- Inserções para SENSOR
INSERT INTO SENSOR (SENSOR_ID, TIPO_SENSOR_ID, LOCAL_ID) VALUES (1, 1, 1);
INSERT INTO SENSOR (SENSOR_ID, TIPO_SENSOR_ID, LOCAL_ID) VALUES (2, 2, 2);
INSERT INTO SENSOR (SENSOR_ID, TIPO_SENSOR_ID, LOCAL_ID) VALUES (3, 3, 3);

-- Inserções para CULTURA
INSERT INTO CULTURA (CULTURA_ID, NOME_CULTURA, TIPO_SOLO, CICLO_DIAS) 
VALUES (1, 'Soja', 'Argiloso', 120);
INSERT INTO CULTURA (CULTURA_ID, NOME_CULTURA, TIPO_SOLO, CICLO_DIAS) 
VALUES (2, 'Milho', 'Arenoso', 100);
INSERT INTO CULTURA (CULTURA_ID, NOME_CULTURA, TIPO_SOLO, CICLO_DIAS) 
VALUES (3, 'Tomate', 'Orgânico', 80);

-- Inserções para LEITURA_SENSOR
INSERT INTO LEITURA_SENSOR (LEITURA_ID, DATA_HORA, VALOR, SENSOR_ID, CULTURA_ID)
VALUES (1, TO_TIMESTAMP('2024-01-10 08:00:00', 'YYYY-MM-DD HH24:MI:SS'), 70.5, 1, 1);
INSERT INTO LEITURA_SENSOR (LEITURA_ID, DATA_HORA, VALOR, SENSOR_ID, CULTURA_ID)
VALUES (2, TO_TIMESTAMP('2024-01-10 09:00:00', 'YYYY-MM-DD HH24:MI:SS'), 6.2, 2, 2);
INSERT INTO LEITURA_SENSOR (LEITURA_ID, DATA_HORA, VALOR, SENSOR_ID, CULTURA_ID)
VALUES (3, TO_TIMESTAMP('2024-01-10 10:00:00', 'YYYY-MM-DD HH24:MI:SS'), 45.0, 3, 3);

-- Inserções para APLICACAO
INSERT INTO APLICACAO (APLICACAO_ID, DATA_HORA, QUANTIDADE, TIPO_APLICACAO_ID, CULTURA_ID)
VALUES (1, TO_TIMESTAMP('2024-01-11 07:00:00', 'YYYY-MM-DD HH24:MI:SS'), 100.0, 1, 1);
INSERT INTO APLICACAO (APLICACAO_ID, DATA_HORA, QUANTIDADE, TIPO_APLICACAO_ID, CULTURA_ID)
VALUES (2, TO_TIMESTAMP('2024-01-11 07:30:00', 'YYYY-MM-DD HH24:MI:SS'), 25.0, 2, 2);
INSERT INTO APLICACAO (APLICACAO_ID, DATA_HORA, QUANTIDADE, TIPO_APLICACAO_ID, CULTURA_ID)
VALUES (3, TO_TIMESTAMP('2024-01-11 08:00:00', 'YYYY-MM-DD HH24:MI:SS'), 15.5, 3, 3);
